numInitialJobs,queueServiceTime,numTandems,numQueues,queueDelay,switchDelay,communication,numPartitions,cmdline,simulated_time,elapsed_seconds,events_simulated,ev-per-sec,seq-ev-per-sec,speedup
2,exponential(10s),120,10,1s,1s,seq,1,"['../cqn_dbg', '-s', '-n..', '-u', 'Cmdenv', '-f', 'omnetpp.ini', '-f', 'partitioning.ini', '--real-time-limit=10s', '--**.numInitialJobs=2', '--**.serviceTime=exponential(10s)', '--*.numTandems=120', '--**.numQueues=10', '--**.qDelay=1s', '--**.sDelay=1s', '--parallel-simulation=false', '-f', 'cqn-120-partitioning.ini', '-c', 'Cqn-120-1']",28839.008690379644,10.0004,4796416.0,479622.4151033958,479622.4151033958,1.0
2,exponential(10s),120,10,1s,10s,seq,1,"['../cqn_dbg', '-s', '-n..', '-u', 'Cmdenv', '-f', 'omnetpp.ini', '-f', 'partitioning.ini', '--real-time-limit=10s', '--**.numInitialJobs=2', '--**.serviceTime=exponential(10s)', '--*.numTandems=120', '--**.numQueues=10', '--**.qDelay=1s', '--**.sDelay=10s', '--parallel-simulation=false', '-f', 'cqn-120-partitioning.ini', '-c', 'Cqn-120-1']",29292.19270383547,10.0018,4812800.0,481193.3851906657,481193.3851906657,1.0
2,exponential(10s),120,10,1s,100s,seq,1,"['../cqn_dbg', '-s', '-n..', '-u', 'Cmdenv', '-f', 'omnetpp.ini', '-f', 'partitioning.ini', '--real-time-limit=10s', '--**.numInitialJobs=2', '--**.serviceTime=exponential(10s)', '--*.numTandems=120', '--**.numQueues=10', '--**.qDelay=1s', '--**.sDelay=100s', '--parallel-simulation=false', '-f', 'cqn-120-partitioning.ini', '-c', 'Cqn-120-1']",33554.559119699166,10.0019,4879360.0,487843.30977114354,487843.30977114354,1.0
2,exponential(10s),120,10,1s,1000s,seq,1,"['../cqn_dbg', '-s', '-n..', '-u', 'Cmdenv', '-f', 'omnetpp.ini', '-f', 'partitioning.ini', '--real-time-limit=10s', '--**.numInitialJobs=2', '--**.serviceTime=exponential(10s)', '--*.numTandems=120', '--**.numQueues=10', '--**.qDelay=1s', '--**.sDelay=1000s', '--parallel-simulation=false', '-f', 'cqn-120-partitioning.ini', '-c', 'Cqn-120-1']",129626.54865307953,10.145,5758976.0,567666.4366683095,567666.4366683095,1.0
2,exponential(10s),120,10,1s,1s,mt-mem-msgptrpassing,2,"['../cqn_dbg', '-s', '-n..', '-u', 'Cmdenv', '-f', 'omnetpp.ini', '-f', 'partitioning.ini', '--real-time-limit=10s', '--**.numInitialJobs=2', '--**.serviceTime=exponential(10s)', '--*.numTandems=120', '--**.numQueues=10', '--**.qDelay=1s', '--**.sDelay=1s', '--parallel-simulation=true', '--parsim-mode=multithreaded', '--parsim-communications-class=cInProcessCommunications', '--parsim-inprocess-comm-send-pointers=true', '--parsim-inprocess-comm-use-spinlock=false', '-f', 'cqn-120-partitioning.ini', '-c', 'Cqn-120-2']",50519.926524616814,10.0756,8378779.0,831591.0714994641,479622.4151033958,1.7338453027058625
2,exponential(10s),120,10,1s,1s,mt-mem-msgptrpassing,3,"['../cqn_dbg', '-s', '-n..', '-u', 'Cmdenv', '-f', 'omnetpp.ini', '-f', 'partitioning.ini', '--real-time-limit=10s', '--**.numInitialJobs=2', '--**.serviceTime=exponential(10s)', '--*.numTandems=120', '--**.numQueues=10', '--**.qDelay=1s', '--**.sDelay=1s', '--parallel-simulation=true', '--parsim-mode=multithreaded', '--parsim-communications-class=cInProcessCommunications', '--parsim-inprocess-comm-send-pointers=true', '--parsim-inprocess-comm-use-spinlock=false', '-f', 'cqn-120-partitioning.ini', '-c', 'Cqn-120-3']",65004.40458555486,10.0008,10790699.0,1078983.5813134948,479622.4151033958,2.2496521166152967
2,exponential(10s),120,10,1s,1s,mt-mem-msgptrpassing,4,"['../cqn_dbg', '-s', '-n..', '-u', 'Cmdenv', '-f', 'omnetpp.ini', '-f', 'partitioning.ini', '--real-time-limit=10s', '--**.numInitialJobs=2', '--**.serviceTime=exponential(10s)', '--*.numTandems=120', '--**.numQueues=10', '--**.qDelay=1s', '--**.sDelay=1s', '--parallel-simulation=true', '--parsim-mode=multithreaded', '--parsim-communications-class=cInProcessCommunications', '--parsim-inprocess-comm-send-pointers=true', '--parsim-inprocess-comm-use-spinlock=false', '-f', 'cqn-120-partitioning.ini', '-c', 'Cqn-120-4']",77548.54162008765,10.0018,12870130.0,1286781.3793517167,479622.4151033958,2.682905007836874
2,exponential(10s),120,10,1s,1s,mt-mem-msgptrpassing,5,"['../cqn_dbg', '-s', '-n..', '-u', 'Cmdenv', '-f', 'omnetpp.ini', '-f', 'partitioning.ini', '--real-time-limit=10s', '--**.numInitialJobs=2', '--**.serviceTime=exponential(10s)', '--*.numTandems=120', '--**.numQueues=10', '--**.qDelay=1s', '--**.sDelay=1s', '--parallel-simulation=true', '--parsim-mode=multithreaded', '--parsim-communications-class=cInProcessCommunications', '--parsim-inprocess-comm-send-pointers=true', '--parsim-inprocess-comm-use-spinlock=false', '-f', 'cqn-120-partitioning.ini', '-c', 'Cqn-120-5']",84292.36651741722,10.0005,14001393.0,1400069.2965351732,479622.4151033958,2.919107307012225
2,exponential(10s),120,10,1s,1s,mt-mem-msgptrpassing,6,"['../cqn_dbg', '-s', '-n..', '-u', 'Cmdenv', '-f', 'omnetpp.ini', '-f', 'partitioning.ini', '--real-time-limit=10s', '--**.numInitialJobs=2', '--**.serviceTime=exponential(10s)', '--*.numTandems=120', '--**.numQueues=10', '--**.qDelay=1s', '--**.sDelay=1s', '--parallel-simulation=true', '--parsim-mode=multithreaded', '--parsim-communications-class=cInProcessCommunications', '--parsim-inprocess-comm-send-pointers=true', '--parsim-inprocess-comm-use-spinlock=false', '-f', 'cqn-120-partitioning.ini', '-c', 'Cqn-120-6']",90562.59499697578,10.0357,15022274.0,1496883.525812848,479622.4151033958,3.120962404332486
2,exponential(10s),120,10,1s,1s,mt-mem-msgptrpassing,7,"['../cqn_dbg', '-s', '-n..', '-u', 'Cmdenv', '-f', 'omnetpp.ini', '-f', 'partitioning.ini', '--real-time-limit=10s', '--**.numInitialJobs=2', '--**.serviceTime=exponential(10s)', '--*.numTandems=120', '--**.numQueues=10', '--**.qDelay=1s', '--**.sDelay=1s', '--parallel-simulation=true', '--parsim-mode=multithreaded', '--parsim-communications-class=cInProcessCommunications', '--parsim-inprocess-comm-send-pointers=true', '--parsim-inprocess-comm-use-spinlock=false', '-f', 'cqn-120-partitioning.ini', '-c', 'Cqn-120-7']",91080.99732999528,10.0015,15130289.0,1512801.9797030445,479622.4151033958,3.1541519580082977
2,exponential(10s),120,10,1s,1s,mt-mem-msgptrpassing,8,"['../cqn_dbg', '-s', '-n..', '-u', 'Cmdenv', '-f', 'omnetpp.ini', '-f', 'partitioning.ini', '--real-time-limit=10s', '--**.numInitialJobs=2', '--**.serviceTime=exponential(10s)', '--*.numTandems=120', '--**.numQueues=10', '--**.qDelay=1s', '--**.sDelay=1s', '--parallel-simulation=true', '--parsim-mode=multithreaded', '--parsim-communications-class=cInProcessCommunications', '--parsim-inprocess-comm-send-pointers=true', '--parsim-inprocess-comm-use-spinlock=false', '-f', 'cqn-120-partitioning.ini', '-c', 'Cqn-120-8']",84532.65168045516,10.0011,14036056.0,1403451.22036576,479622.4151033958,2.9261585283982345
2,exponential(10s),120,10,1s,1s,mt-mem-msgptrpassing-spinlock,2,"['../cqn_dbg', '-s', '-n..', '-u', 'Cmdenv', '-f', 'omnetpp.ini', '-f', 'partitioning.ini', '--real-time-limit=10s', '--**.numInitialJobs=2', '--**.serviceTime=exponential(10s)', '--*.numTandems=120', '--**.numQueues=10', '--**.qDelay=1s', '--**.sDelay=1s', '--parallel-simulation=true', '--parsim-mode=multithreaded', '--parsim-communications-class=cInProcessCommunications', '--parsim-inprocess-comm-send-pointers=true', '--parsim-inprocess-comm-use-spinlock=true', '-f', 'cqn-120-partitioning.ini', '-c', 'Cqn-120-2']",50195.42494133654,10.0071,8325317.0,831941.0218744691,479622.4151033958,1.7345749399454597
2,exponential(10s),120,10,1s,1s,mt-mem-msgptrpassing-spinlock,3,"['../cqn_dbg', '-s', '-n..', '-u', 'Cmdenv', '-f', 'omnetpp.ini', '-f', 'partitioning.ini', '--real-time-limit=10s', '--**.numInitialJobs=2', '--**.serviceTime=exponential(10s)', '--*.numTandems=120', '--**.numQueues=10', '--**.qDelay=1s', '--**.sDelay=1s', '--parallel-simulation=true', '--parsim-mode=multithreaded', '--parsim-communications-class=cInProcessCommunications', '--parsim-inprocess-comm-send-pointers=true', '--parsim-inprocess-comm-use-spinlock=true', '-f', 'cqn-120-partitioning.ini', '-c', 'Cqn-120-3']",63982.73987180508,10.0009,10621032.0,1062007.6193142617,479622.4151033958,2.2142576866123256
2,exponential(10s),120,10,1s,1s,mt-mem-msgptrpassing-spinlock,4,"['../cqn_dbg', '-s', '-n..', '-u', 'Cmdenv', '-f', 'omnetpp.ini', '-f', 'partitioning.ini', '--real-time-limit=10s', '--**.numInitialJobs=2', '--**.serviceTime=exponential(10s)', '--*.numTandems=120', '--**.numQueues=10', '--**.qDelay=1s', '--**.sDelay=1s', '--parallel-simulation=true', '--parsim-mode=multithreaded', '--parsim-communications-class=cInProcessCommunications', '--parsim-inprocess-comm-send-pointers=true', '--parsim-inprocess-comm-use-spinlock=true', '-f', 'cqn-120-partitioning.ini', '-c', 'Cqn-120-4']",79073.4317109519,10.0013,13122937.0,1312123.1239938808,479622.4151033958,2.735741872512394
2,exponential(10s),120,10,1s,1s,mt-mem-msgptrpassing-spinlock,5,"['../cqn_dbg', '-s', '-n..', '-u', 'Cmdenv', '-f', 'omnetpp.ini', '-f', 'partitioning.ini', '--real-time-limit=10s', '--**.numInitialJobs=2', '--**.serviceTime=exponential(10s)', '--*.numTandems=120', '--**.numQueues=10', '--**.qDelay=1s', '--**.sDelay=1s', '--parallel-simulation=true', '--parsim-mode=multithreaded', '--parsim-communications-class=cInProcessCommunications', '--parsim-inprocess-comm-send-pointers=true', '--parsim-inprocess-comm-use-spinlock=true', '-f', 'cqn-120-partitioning.ini', '-c', 'Cqn-120-5']",85633.81337642144,10.0011,14223200.0,1422163.5620081793,479622.4151033958,2.965173263850883
2,exponential(10s),120,10,1s,1s,mt-mem-msgptrpassing-spinlock,6,"['../cqn_dbg', '-s', '-n..', '-u', 'Cmdenv', '-f', 'omnetpp.ini', '-f', 'partitioning.ini', '--real-time-limit=10s', '--**.numInitialJobs=2', '--**.serviceTime=exponential(10s)', '--*.numTandems=120', '--**.numQueues=10', '--**.qDelay=1s', '--**.sDelay=1s', '--parallel-simulation=true', '--parsim-mode=multithreaded', '--parsim-communications-class=cInProcessCommunications', '--parsim-inprocess-comm-send-pointers=true', '--parsim-inprocess-comm-use-spinlock=true', '-f', 'cqn-120-partitioning.ini', '-c', 'Cqn-120-6']",91462.05881598732,10.0202,15173386.0,1514279.7548951118,479622.4151033958,3.1572330800441573
2,exponential(10s),120,10,1s,1s,mt-mem-msgptrpassing-spinlock,7,"['../cqn_dbg', '-s', '-n..', '-u', 'Cmdenv', '-f', 'omnetpp.ini', '-f', 'partitioning.ini', '--real-time-limit=10s', '--**.numInitialJobs=2', '--**.serviceTime=exponential(10s)', '--*.numTandems=120', '--**.numQueues=10', '--**.qDelay=1s', '--**.sDelay=1s', '--parallel-simulation=true', '--parsim-mode=multithreaded', '--parsim-communications-class=cInProcessCommunications', '--parsim-inprocess-comm-send-pointers=true', '--parsim-inprocess-comm-use-spinlock=true', '-f', 'cqn-120-partitioning.ini', '-c', 'Cqn-120-7']",102336.3199494023,10.0023,16994873.0,1699096.5078032052,479622.4151033958,3.5425711023887785
2,exponential(10s),120,10,1s,1s,mt-mem-msgptrpassing-spinlock,8,"['../cqn_dbg', '-s', '-n..', '-u', 'Cmdenv', '-f', 'omnetpp.ini', '-f', 'partitioning.ini', '--real-time-limit=10s', '--**.numInitialJobs=2', '--**.serviceTime=exponential(10s)', '--*.numTandems=120', '--**.numQueues=10', '--**.qDelay=1s', '--**.sDelay=1s', '--parallel-simulation=true', '--parsim-mode=multithreaded', '--parsim-communications-class=cInProcessCommunications', '--parsim-inprocess-comm-send-pointers=true', '--parsim-inprocess-comm-use-spinlock=true', '-f', 'cqn-120-partitioning.ini', '-c', 'Cqn-120-8']",103572.98341637065,10.0024,17191118.0,1718699.3121650803,479622.4151033958,3.5834424289668934
2,exponential(10s),120,10,1s,10s,mt-mem-msgptrpassing,2,"['../cqn_dbg', '-s', '-n..', '-u', 'Cmdenv', '-f', 'omnetpp.ini', '-f', 'partitioning.ini', '--real-time-limit=10s', '--**.numInitialJobs=2', '--**.serviceTime=exponential(10s)', '--*.numTandems=120', '--**.numQueues=10', '--**.qDelay=1s', '--**.sDelay=10s', '--parallel-simulation=true', '--parsim-mode=multithreaded', '--parsim-communications-class=cInProcessCommunications', '--parsim-inprocess-comm-send-pointers=true', '--parsim-inprocess-comm-use-spinlock=false', '-f', 'cqn-120-partitioning.ini', '-c', 'Cqn-120-2']",51485.979810239754,10.0012,8457216.0,845620.1255849297,481193.3851906657,1.7573394639451774
2,exponential(10s),120,10,1s,10s,mt-mem-msgptrpassing,3,"['../cqn_dbg', '-s', '-n..', '-u', 'Cmdenv', '-f', 'omnetpp.ini', '-f', 'partitioning.ini', '--real-time-limit=10s', '--**.numInitialJobs=2', '--**.serviceTime=exponential(10s)', '--*.numTandems=120', '--**.numQueues=10', '--**.qDelay=1s', '--**.sDelay=10s', '--parallel-simulation=true', '--parsim-mode=multithreaded', '--parsim-communications-class=cInProcessCommunications', '--parsim-inprocess-comm-send-pointers=true', '--parsim-inprocess-comm-use-spinlock=false', '-f', 'cqn-120-partitioning.ini', '-c', 'Cqn-120-3']",70861.72558551058,10.0015,11644469.0,1164272.2591611259,481193.3851906657,2.419551670893814
2,exponential(10s),120,10,1s,10s,mt-mem-msgptrpassing,4,"['../cqn_dbg', '-s', '-n..', '-u', 'Cmdenv', '-f', 'omnetpp.ini', '-f', 'partitioning.ini', '--real-time-limit=10s', '--**.numInitialJobs=2', '--**.serviceTime=exponential(10s)', '--*.numTandems=120', '--**.numQueues=10', '--**.qDelay=1s', '--**.sDelay=10s', '--parallel-simulation=true', '--parsim-mode=multithreaded', '--parsim-communications-class=cInProcessCommunications', '--parsim-inprocess-comm-send-pointers=true', '--parsim-inprocess-comm-use-spinlock=false', '-f', 'cqn-120-partitioning.ini', '-c', 'Cqn-120-4']",90586.4599182981,10.0021,14874325.0,1487120.204757001,481193.3851906657,3.0904834740563856
2,exponential(10s),120,10,1s,10s,mt-mem-msgptrpassing,5,"['../cqn_dbg', '-s', '-n..', '-u', 'Cmdenv', '-f', 'omnetpp.ini', '-f', 'partitioning.ini', '--real-time-limit=10s', '--**.numInitialJobs=2', '--**.serviceTime=exponential(10s)', '--*.numTandems=120', '--**.numQueues=10', '--**.qDelay=1s', '--**.sDelay=10s', '--parallel-simulation=true', '--parsim-mode=multithreaded', '--parsim-communications-class=cInProcessCommunications', '--parsim-inprocess-comm-send-pointers=true', '--parsim-inprocess-comm-use-spinlock=false', '-f', 'cqn-120-partitioning.ini', '-c', 'Cqn-120-5']",102480.17345252792,10.0058,16833433.0,1682367.526834436,481193.3851906657,3.4962399289171917
2,exponential(10s),120,10,1s,10s,mt-mem-msgptrpassing,6,"['../cqn_dbg', '-s', '-n..', '-u', 'Cmdenv', '-f', 'omnetpp.ini', '-f', 'partitioning.ini', '--real-time-limit=10s', '--**.numInitialJobs=2', '--**.serviceTime=exponential(10s)', '--*.numTandems=120', '--**.numQueues=10', '--**.qDelay=1s', '--**.sDelay=10s', '--parallel-simulation=true', '--parsim-mode=multithreaded', '--parsim-communications-class=cInProcessCommunications', '--parsim-inprocess-comm-send-pointers=true', '--parsim-inprocess-comm-use-spinlock=false', '-f', 'cqn-120-partitioning.ini', '-c', 'Cqn-120-6']",119474.03389158758,10.0011,19609860.0,1960770.315265321,481193.3851906657,4.074807292889936
2,exponential(10s),120,10,1s,10s,mt-mem-msgptrpassing,7,"['../cqn_dbg', '-s', '-n..', '-u', 'Cmdenv', '-f', 'omnetpp.ini', '-f', 'partitioning.ini', '--real-time-limit=10s', '--**.numInitialJobs=2', '--**.serviceTime=exponential(10s)', '--*.numTandems=120', '--**.numQueues=10', '--**.qDelay=1s', '--**.sDelay=10s', '--parallel-simulation=true', '--parsim-mode=multithreaded', '--parsim-communications-class=cInProcessCommunications', '--parsim-inprocess-comm-send-pointers=true', '--parsim-inprocess-comm-use-spinlock=false', '-f', 'cqn-120-partitioning.ini', '-c', 'Cqn-120-7']",124402.69462186492,10.0017,20430376.0,2042690.342641751,481193.3851906657,4.2450507540380364
2,exponential(10s),120,10,1s,10s,mt-mem-msgptrpassing,8,"['../cqn_dbg', '-s', '-n..', '-u', 'Cmdenv', '-f', 'omnetpp.ini', '-f', 'partitioning.ini', '--real-time-limit=10s', '--**.numInitialJobs=2', '--**.serviceTime=exponential(10s)', '--*.numTandems=120', '--**.numQueues=10', '--**.qDelay=1s', '--**.sDelay=10s', '--parallel-simulation=true', '--parsim-mode=multithreaded', '--parsim-communications-class=cInProcessCommunications', '--parsim-inprocess-comm-send-pointers=true', '--parsim-inprocess-comm-use-spinlock=false', '-f', 'cqn-120-partitioning.ini', '-c', 'Cqn-120-8']",128272.74109874247,10.0017,21067992.0,2106441.105012148,481193.3851906657,4.377535456306204
2,exponential(10s),120,10,1s,10s,mt-mem-msgptrpassing-spinlock,2,"['../cqn_dbg', '-s', '-n..', '-u', 'Cmdenv', '-f', 'omnetpp.ini', '-f', 'partitioning.ini', '--real-time-limit=10s', '--**.numInitialJobs=2', '--**.serviceTime=exponential(10s)', '--*.numTandems=120', '--**.numQueues=10', '--**.qDelay=1s', '--**.sDelay=10s', '--parallel-simulation=true', '--parsim-mode=multithreaded', '--parsim-communications-class=cInProcessCommunications', '--parsim-inprocess-comm-send-pointers=true', '--parsim-inprocess-comm-use-spinlock=true', '-f', 'cqn-120-partitioning.ini', '-c', 'Cqn-120-2']",51736.74928305677,10.001,8498895.0,849804.5195480452,481193.3851906657,1.766035331535829
2,exponential(10s),120,10,1s,10s,mt-mem-msgptrpassing-spinlock,3,"['../cqn_dbg', '-s', '-n..', '-u', 'Cmdenv', '-f', 'omnetpp.ini', '-f', 'partitioning.ini', '--real-time-limit=10s', '--**.numInitialJobs=2', '--**.serviceTime=exponential(10s)', '--*.numTandems=120', '--**.numQueues=10', '--**.qDelay=1s', '--**.sDelay=10s', '--parallel-simulation=true', '--parsim-mode=multithreaded', '--parsim-communications-class=cInProcessCommunications', '--parsim-inprocess-comm-send-pointers=true', '--parsim-inprocess-comm-use-spinlock=true', '-f', 'cqn-120-partitioning.ini', '-c', 'Cqn-120-3']",69266.70784057838,10.0015,11380086.0,1137837.9243113534,481193.3851906657,2.3646167202828483
2,exponential(10s),120,10,1s,10s,mt-mem-msgptrpassing-spinlock,4,"['../cqn_dbg', '-s', '-n..', '-u', 'Cmdenv', '-f', 'omnetpp.ini', '-f', 'partitioning.ini', '--real-time-limit=10s', '--**.numInitialJobs=2', '--**.serviceTime=exponential(10s)', '--*.numTandems=120', '--**.numQueues=10', '--**.qDelay=1s', '--**.sDelay=10s', '--parallel-simulation=true', '--parsim-mode=multithreaded', '--parsim-communications-class=cInProcessCommunications', '--parsim-inprocess-comm-send-pointers=true', '--parsim-inprocess-comm-use-spinlock=true', '-f', 'cqn-120-partitioning.ini', '-c', 'Cqn-120-4']",88847.18537002639,10.0015,14588397.0,1458620.9068639704,481193.3851906657,3.0312571863098525
2,exponential(10s),120,10,1s,10s,mt-mem-msgptrpassing-spinlock,5,"['../cqn_dbg', '-s', '-n..', '-u', 'Cmdenv', '-f', 'omnetpp.ini', '-f', 'partitioning.ini', '--real-time-limit=10s', '--**.numInitialJobs=2', '--**.serviceTime=exponential(10s)', '--*.numTandems=120', '--**.numQueues=10', '--**.qDelay=1s', '--**.sDelay=10s', '--parallel-simulation=true', '--parsim-mode=multithreaded', '--parsim-communications-class=cInProcessCommunications', '--parsim-inprocess-comm-send-pointers=true', '--parsim-inprocess-comm-use-spinlock=true', '-f', 'cqn-120-partitioning.ini', '-c', 'Cqn-120-5']",102480.17345252792,10.1202,16833507.0,1663357.1470919547,481193.3851906657,3.4567331935223384
2,exponential(10s),120,10,1s,10s,mt-mem-msgptrpassing-spinlock,6,"['../cqn_dbg', '-s', '-n..', '-u', 'Cmdenv', '-f', 'omnetpp.ini', '-f', 'partitioning.ini', '--real-time-limit=10s', '--**.numInitialJobs=2', '--**.serviceTime=exponential(10s)', '--*.numTandems=120', '--**.numQueues=10', '--**.qDelay=1s', '--**.sDelay=10s', '--parallel-simulation=true', '--parsim-mode=multithreaded', '--parsim-communications-class=cInProcessCommunications', '--parsim-inprocess-comm-send-pointers=true', '--parsim-inprocess-comm-use-spinlock=true', '-f', 'cqn-120-partitioning.ini', '-c', 'Cqn-120-6']",118877.16249431449,10.0017,19511867.0,1950855.054640711,481193.3851906657,4.054201729867325
2,exponential(10s),120,10,1s,10s,mt-mem-msgptrpassing-spinlock,7,"['../cqn_dbg', '-s', '-n..', '-u', 'Cmdenv', '-f', 'omnetpp.ini', '-f', 'partitioning.ini', '--real-time-limit=10s', '--**.numInitialJobs=2', '--**.serviceTime=exponential(10s)', '--*.numTandems=120', '--**.numQueues=10', '--**.qDelay=1s', '--**.sDelay=10s', '--parallel-simulation=true', '--parsim-mode=multithreaded', '--parsim-communications-class=cInProcessCommunications', '--parsim-inprocess-comm-send-pointers=true', '--parsim-inprocess-comm-use-spinlock=true', '-f', 'cqn-120-partitioning.ini', '-c', 'Cqn-120-7']",124059.25640346365,10.0023,20373415.0,2036873.0192055828,481193.3851906657,4.232961387028423
2,exponential(10s),120,10,1s,10s,mt-mem-msgptrpassing-spinlock,8,"['../cqn_dbg', '-s', '-n..', '-u', 'Cmdenv', '-f', 'omnetpp.ini', '-f', 'partitioning.ini', '--real-time-limit=10s', '--**.numInitialJobs=2', '--**.serviceTime=exponential(10s)', '--*.numTandems=120', '--**.numQueues=10', '--**.qDelay=1s', '--**.sDelay=10s', '--parallel-simulation=true', '--parsim-mode=multithreaded', '--parsim-communications-class=cInProcessCommunications', '--parsim-inprocess-comm-send-pointers=true', '--parsim-inprocess-comm-use-spinlock=true', '-f', 'cqn-120-partitioning.ini', '-c', 'Cqn-120-8']",131415.48479878498,10.0007,21584650.0,2158313.918025738,481193.3851906657,4.485335801468963
2,exponential(10s),120,10,1s,100s,mt-mem-msgptrpassing,2,"['../cqn_dbg', '-s', '-n..', '-u', 'Cmdenv', '-f', 'omnetpp.ini', '-f', 'partitioning.ini', '--real-time-limit=10s', '--**.numInitialJobs=2', '--**.serviceTime=exponential(10s)', '--*.numTandems=120', '--**.numQueues=10', '--**.qDelay=1s', '--**.sDelay=100s', '--parallel-simulation=true', '--parsim-mode=multithreaded', '--parsim-communications-class=cInProcessCommunications', '--parsim-inprocess-comm-send-pointers=true', '--parsim-inprocess-comm-use-spinlock=false', '-f', 'cqn-120-partitioning.ini', '-c', 'Cqn-120-2']",62600.72432347894,10.0014,9097216.0,909594.2568040474,487843.30977114354,1.8645213300777972
2,exponential(10s),120,10,1s,100s,mt-mem-msgptrpassing,3,"['../cqn_dbg', '-s', '-n..', '-u', 'Cmdenv', '-f', 'omnetpp.ini', '-f', 'partitioning.ini', '--real-time-limit=10s', '--**.numInitialJobs=2', '--**.serviceTime=exponential(10s)', '--*.numTandems=120', '--**.numQueues=10', '--**.qDelay=1s', '--**.sDelay=100s', '--parallel-simulation=true', '--parsim-mode=multithreaded', '--parsim-communications-class=cInProcessCommunications', '--parsim-inprocess-comm-send-pointers=true', '--parsim-inprocess-comm-use-spinlock=false', '-f', 'cqn-120-partitioning.ini', '-c', 'Cqn-120-3']",86005.98031506779,10.0013,12526412.0,1252478.3778108845,487843.30977114354,2.5673784035256024
2,exponential(10s),120,10,1s,100s,mt-mem-msgptrpassing,4,"['../cqn_dbg', '-s', '-n..', '-u', 'Cmdenv', '-f', 'omnetpp.ini', '-f', 'partitioning.ini', '--real-time-limit=10s', '--**.numInitialJobs=2', '--**.serviceTime=exponential(10s)', '--*.numTandems=120', '--**.numQueues=10', '--**.qDelay=1s', '--**.sDelay=100s', '--parallel-simulation=true', '--parsim-mode=multithreaded', '--parsim-communications-class=cInProcessCommunications', '--parsim-inprocess-comm-send-pointers=true', '--parsim-inprocess-comm-use-spinlock=false', '-f', 'cqn-120-partitioning.ini', '-c', 'Cqn-120-4']",106966.28222655693,10.0013,15566640.0,1556461.659984202,487843.30977114354,3.190495039717501
2,exponential(10s),120,10,1s,100s,mt-mem-msgptrpassing,5,"['../cqn_dbg', '-s', '-n..', '-u', 'Cmdenv', '-f', 'omnetpp.ini', '-f', 'partitioning.ini', '--real-time-limit=10s', '--**.numInitialJobs=2', '--**.serviceTime=exponential(10s)', '--*.numTandems=120', '--**.numQueues=10', '--**.qDelay=1s', '--**.sDelay=100s', '--parallel-simulation=true', '--parsim-mode=multithreaded', '--parsim-communications-class=cInProcessCommunications', '--parsim-inprocess-comm-send-pointers=true', '--parsim-inprocess-comm-use-spinlock=false', '-f', 'cqn-120-partitioning.ini', '-c', 'Cqn-120-5']",131061.15352414263,10.1444,19054797.0,1878356.2359528411,487843.30977114354,3.8503269355769443
2,exponential(10s),120,10,1s,100s,mt-mem-msgptrpassing,6,"['../cqn_dbg', '-s', '-n..', '-u', 'Cmdenv', '-f', 'omnetpp.ini', '-f', 'partitioning.ini', '--real-time-limit=10s', '--**.numInitialJobs=2', '--**.serviceTime=exponential(10s)', '--*.numTandems=120', '--**.numQueues=10', '--**.qDelay=1s', '--**.sDelay=100s', '--parallel-simulation=true', '--parsim-mode=multithreaded', '--parsim-communications-class=cInProcessCommunications', '--parsim-inprocess-comm-send-pointers=true', '--parsim-inprocess-comm-use-spinlock=false', '-f', 'cqn-120-partitioning.ini', '-c', 'Cqn-120-6']",147924.90537015029,10.002,21515573.0,2151127.074585083,487843.30977114354,4.409463103212826
2,exponential(10s),120,10,1s,100s,mt-mem-msgptrpassing,7,"['../cqn_dbg', '-s', '-n..', '-u', 'Cmdenv', '-f', 'omnetpp.ini', '-f', 'partitioning.ini', '--real-time-limit=10s', '--**.numInitialJobs=2', '--**.serviceTime=exponential(10s)', '--*.numTandems=120', '--**.numQueues=10', '--**.qDelay=1s', '--**.sDelay=100s', '--parallel-simulation=true', '--parsim-mode=multithreaded', '--parsim-communications-class=cInProcessCommunications', '--parsim-inprocess-comm-send-pointers=true', '--parsim-inprocess-comm-use-spinlock=false', '-f', 'cqn-120-partitioning.ini', '-c', 'Cqn-120-7']",164761.99972998354,10.0012,23971122.0,2396824.581050274,487843.30977114354,4.913103312157072
2,exponential(10s),120,10,1s,100s,mt-mem-msgptrpassing,8,"['../cqn_dbg', '-s', '-n..', '-u', 'Cmdenv', '-f', 'omnetpp.ini', '-f', 'partitioning.ini', '--real-time-limit=10s', '--**.numInitialJobs=2', '--**.serviceTime=exponential(10s)', '--*.numTandems=120', '--**.numQueues=10', '--**.qDelay=1s', '--**.sDelay=100s', '--parallel-simulation=true', '--parsim-mode=multithreaded', '--parsim-communications-class=cInProcessCommunications', '--parsim-inprocess-comm-send-pointers=true', '--parsim-inprocess-comm-use-spinlock=false', '-f', 'cqn-120-partitioning.ini', '-c', 'Cqn-120-8']",182206.89986580238,10.0003,26522789.0,2652199.3340199795,487843.30977114354,5.436580313593264
2,exponential(10s),120,10,1s,100s,mt-mem-msgptrpassing-spinlock,2,"['../cqn_dbg', '-s', '-n..', '-u', 'Cmdenv', '-f', 'omnetpp.ini', '-f', 'partitioning.ini', '--real-time-limit=10s', '--**.numInitialJobs=2', '--**.serviceTime=exponential(10s)', '--*.numTandems=120', '--**.numQueues=10', '--**.qDelay=1s', '--**.sDelay=100s', '--parallel-simulation=true', '--parsim-mode=multithreaded', '--parsim-communications-class=cInProcessCommunications', '--parsim-inprocess-comm-send-pointers=true', '--parsim-inprocess-comm-use-spinlock=true', '-f', 'cqn-120-partitioning.ini', '-c', 'Cqn-120-2']",62697.84951088004,10.0014,9117696.0,911641.9701241826,487843.30977114354,1.8687188116853566
2,exponential(10s),120,10,1s,100s,mt-mem-msgptrpassing-spinlock,3,"['../cqn_dbg', '-s', '-n..', '-u', 'Cmdenv', '-f', 'omnetpp.ini', '-f', 'partitioning.ini', '--real-time-limit=10s', '--**.numInitialJobs=2', '--**.serviceTime=exponential(10s)', '--*.numTandems=120', '--**.numQueues=10', '--**.qDelay=1s', '--**.sDelay=100s', '--parallel-simulation=true', '--parsim-mode=multithreaded', '--parsim-communications-class=cInProcessCommunications', '--parsim-inprocess-comm-send-pointers=true', '--parsim-inprocess-comm-use-spinlock=true', '-f', 'cqn-120-partitioning.ini', '-c', 'Cqn-120-3']",83719.684512556,10.0021,12193792.0,1219123.1841313324,487843.30977114354,2.4990056432325494
2,exponential(10s),120,10,1s,100s,mt-mem-msgptrpassing-spinlock,4,"['../cqn_dbg', '-s', '-n..', '-u', 'Cmdenv', '-f', 'omnetpp.ini', '-f', 'partitioning.ini', '--real-time-limit=10s', '--**.numInitialJobs=2', '--**.serviceTime=exponential(10s)', '--*.numTandems=120', '--**.numQueues=10', '--**.qDelay=1s', '--**.sDelay=100s', '--parallel-simulation=true', '--parsim-mode=multithreaded', '--parsim-communications-class=cInProcessCommunications', '--parsim-inprocess-comm-send-pointers=true', '--parsim-inprocess-comm-use-spinlock=true', '-f', 'cqn-120-partitioning.ini', '-c', 'Cqn-120-4']",107164.84276568389,10.0011,15597477.0,1559576.1466238715,487843.30977114354,3.196879234349853
2,exponential(10s),120,10,1s,100s,mt-mem-msgptrpassing-spinlock,5,"['../cqn_dbg', '-s', '-n..', '-u', 'Cmdenv', '-f', 'omnetpp.ini', '-f', 'partitioning.ini', '--real-time-limit=10s', '--**.numInitialJobs=2', '--**.serviceTime=exponential(10s)', '--*.numTandems=120', '--**.numQueues=10', '--**.qDelay=1s', '--**.sDelay=100s', '--parallel-simulation=true', '--parsim-mode=multithreaded', '--parsim-communications-class=cInProcessCommunications', '--parsim-inprocess-comm-send-pointers=true', '--parsim-inprocess-comm-use-spinlock=true', '-f', 'cqn-120-partitioning.ini', '-c', 'Cqn-120-5']",131061.15352414263,10.1072,19054847.0,1885274.5567516226,487843.30977114354,3.8645083759292307
2,exponential(10s),120,10,1s,100s,mt-mem-msgptrpassing-spinlock,6,"['../cqn_dbg', '-s', '-n..', '-u', 'Cmdenv', '-f', 'omnetpp.ini', '-f', 'partitioning.ini', '--real-time-limit=10s', '--**.numInitialJobs=2', '--**.serviceTime=exponential(10s)', '--*.numTandems=120', '--**.numQueues=10', '--**.qDelay=1s', '--**.sDelay=100s', '--parallel-simulation=true', '--parsim-mode=multithreaded', '--parsim-communications-class=cInProcessCommunications', '--parsim-inprocess-comm-send-pointers=true', '--parsim-inprocess-comm-use-spinlock=true', '-f', 'cqn-120-partitioning.ini', '-c', 'Cqn-120-6']",147136.66479644232,10.0011,21396978.0,2139462.459129496,487843.30977114354,4.38555252532449
2,exponential(10s),120,10,1s,100s,mt-mem-msgptrpassing-spinlock,7,"['../cqn_dbg', '-s', '-n..', '-u', 'Cmdenv', '-f', 'omnetpp.ini', '-f', 'partitioning.ini', '--real-time-limit=10s', '--**.numInitialJobs=2', '--**.serviceTime=exponential(10s)', '--*.numTandems=120', '--**.numQueues=10', '--**.qDelay=1s', '--**.sDelay=100s', '--parallel-simulation=true', '--parsim-mode=multithreaded', '--parsim-communications-class=cInProcessCommunications', '--parsim-inprocess-comm-send-pointers=true', '--parsim-inprocess-comm-use-spinlock=true', '-f', 'cqn-120-partitioning.ini', '-c', 'Cqn-120-7']",162272.64316426107,10.0018,23603651.0,2359940.3107440663,487843.30977114354,4.837496514713215
2,exponential(10s),120,10,1s,100s,mt-mem-msgptrpassing-spinlock,8,"['../cqn_dbg', '-s', '-n..', '-u', 'Cmdenv', '-f', 'omnetpp.ini', '-f', 'partitioning.ini', '--real-time-limit=10s', '--**.numInitialJobs=2', '--**.serviceTime=exponential(10s)', '--*.numTandems=120', '--**.numQueues=10', '--**.qDelay=1s', '--**.sDelay=100s', '--parallel-simulation=true', '--parsim-mode=multithreaded', '--parsim-communications-class=cInProcessCommunications', '--parsim-inprocess-comm-send-pointers=true', '--parsim-inprocess-comm-use-spinlock=true', '-f', 'cqn-120-partitioning.ini', '-c', 'Cqn-120-8']",178987.26877563182,10.002,26061130.0,2605591.881623675,487843.30977114354,5.341042563125457
2,exponential(10s),120,10,1s,1000s,mt-mem-msgptrpassing,2,"['../cqn_dbg', '-s', '-n..', '-u', 'Cmdenv', '-f', 'omnetpp.ini', '-f', 'partitioning.ini', '--real-time-limit=10s', '--**.numInitialJobs=2', '--**.serviceTime=exponential(10s)', '--*.numTandems=120', '--**.numQueues=10', '--**.qDelay=1s', '--**.sDelay=1000s', '--parallel-simulation=true', '--parsim-mode=multithreaded', '--parsim-communications-class=cInProcessCommunications', '--parsim-inprocess-comm-send-pointers=true', '--parsim-inprocess-comm-use-spinlock=false', '-f', 'cqn-120-partitioning.ini', '-c', 'Cqn-120-2']",237865.3830194985,10.0004,10587136.0,1058671.2531498738,567666.4366683095,1.8649530512378363
2,exponential(10s),120,10,1s,1000s,mt-mem-msgptrpassing,3,"['../cqn_dbg', '-s', '-n..', '-u', 'Cmdenv', '-f', 'omnetpp.ini', '-f', 'partitioning.ini', '--real-time-limit=10s', '--**.numInitialJobs=2', '--**.serviceTime=exponential(10s)', '--*.numTandems=120', '--**.numQueues=10', '--**.qDelay=1s', '--**.sDelay=1000s', '--parallel-simulation=true', '--parsim-mode=multithreaded', '--parsim-communications-class=cInProcessCommunications', '--parsim-inprocess-comm-send-pointers=true', '--parsim-inprocess-comm-use-spinlock=false', '-f', 'cqn-120-partitioning.ini', '-c', 'Cqn-120-3']",334134.23243688134,10.0017,14897152.0,1489461.9914614516,567666.4366683095,2.623833109111138
2,exponential(10s),120,10,1s,1000s,mt-mem-msgptrpassing,4,"['../cqn_dbg', '-s', '-n..', '-u', 'Cmdenv', '-f', 'omnetpp.ini', '-f', 'partitioning.ini', '--real-time-limit=10s', '--**.numInitialJobs=2', '--**.serviceTime=exponential(10s)', '--*.numTandems=120', '--**.numQueues=10', '--**.qDelay=1s', '--**.sDelay=1000s', '--parallel-simulation=true', '--parsim-mode=multithreaded', '--parsim-communications-class=cInProcessCommunications', '--parsim-inprocess-comm-send-pointers=true', '--parsim-inprocess-comm-use-spinlock=false', '-f', 'cqn-120-partitioning.ini', '-c', 'Cqn-120-4']",433110.6650937904,10.0018,19299328.0,1929585.4746145695,567666.4366683095,3.399153710653562
2,exponential(10s),120,10,1s,1000s,mt-mem-msgptrpassing,5,"['../cqn_dbg', '-s', '-n..', '-u', 'Cmdenv', '-f', 'omnetpp.ini', '-f', 'partitioning.ini', '--real-time-limit=10s', '--**.numInitialJobs=2', '--**.serviceTime=exponential(10s)', '--*.numTandems=120', '--**.numQueues=10', '--**.qDelay=1s', '--**.sDelay=1000s', '--parallel-simulation=true', '--parsim-mode=multithreaded', '--parsim-communications-class=cInProcessCommunications', '--parsim-inprocess-comm-send-pointers=true', '--parsim-inprocess-comm-use-spinlock=false', '-f', 'cqn-120-partitioning.ini', '-c', 'Cqn-120-5']",540759.5816057031,10.0014,24103841.0,2410046.6934629153,567666.4366683095,4.245533182493081
2,exponential(10s),120,10,1s,1000s,mt-mem-msgptrpassing,6,"['../cqn_dbg', '-s', '-n..', '-u', 'Cmdenv', '-f', 'omnetpp.ini', '-f', 'partitioning.ini', '--real-time-limit=10s', '--**.numInitialJobs=2', '--**.serviceTime=exponential(10s)', '--*.numTandems=120', '--**.numQueues=10', '--**.qDelay=1s', '--**.sDelay=1000s', '--parallel-simulation=true', '--parsim-mode=multithreaded', '--parsim-communications-class=cInProcessCommunications', '--parsim-inprocess-comm-send-pointers=true', '--parsim-inprocess-comm-use-spinlock=false', '-f', 'cqn-120-partitioning.ini', '-c', 'Cqn-120-6']",649117.8842438561,10.0019,28924034.0,2891853.9477499276,567666.4366683095,5.094283827528195
2,exponential(10s),120,10,1s,1000s,mt-mem-msgptrpassing,7,"['../cqn_dbg', '-s', '-n..', '-u', 'Cmdenv', '-f', 'omnetpp.ini', '-f', 'partitioning.ini', '--real-time-limit=10s', '--**.numInitialJobs=2', '--**.serviceTime=exponential(10s)', '--*.numTandems=120', '--**.numQueues=10', '--**.qDelay=1s', '--**.sDelay=1000s', '--parallel-simulation=true', '--parsim-mode=multithreaded', '--parsim-communications-class=cInProcessCommunications', '--parsim-inprocess-comm-send-pointers=true', '--parsim-inprocess-comm-use-spinlock=false', '-f', 'cqn-120-partitioning.ini', '-c', 'Cqn-120-7']",712777.3116854816,10.001,31760848.0,3175767.223277672,567666.4366683095,5.594424856111917
2,exponential(10s),120,10,1s,1000s,mt-mem-msgptrpassing,8,"['../cqn_dbg', '-s', '-n..', '-u', 'Cmdenv', '-f', 'omnetpp.ini', '-f', 'partitioning.ini', '--real-time-limit=10s', '--**.numInitialJobs=2', '--**.serviceTime=exponential(10s)', '--*.numTandems=120', '--**.numQueues=10', '--**.qDelay=1s', '--**.sDelay=1000s', '--parallel-simulation=true', '--parsim-mode=multithreaded', '--parsim-communications-class=cInProcessCommunications', '--parsim-inprocess-comm-send-pointers=true', '--parsim-inprocess-comm-use-spinlock=false', '-f', 'cqn-120-partitioning.ini', '-c', 'Cqn-120-8']",831524.6201081987,10.0018,37047607.0,3704093.9630866447,567666.4366683095,6.525124128927436
2,exponential(10s),120,10,1s,1000s,mt-mem-msgptrpassing-spinlock,2,"['../cqn_dbg', '-s', '-n..', '-u', 'Cmdenv', '-f', 'omnetpp.ini', '-f', 'partitioning.ini', '--real-time-limit=10s', '--**.numInitialJobs=2', '--**.serviceTime=exponential(10s)', '--*.numTandems=120', '--**.numQueues=10', '--**.qDelay=1s', '--**.sDelay=1000s', '--parallel-simulation=true', '--parsim-mode=multithreaded', '--parsim-communications-class=cInProcessCommunications', '--parsim-inprocess-comm-send-pointers=true', '--parsim-inprocess-comm-use-spinlock=true', '-f', 'cqn-120-partitioning.ini', '-c', 'Cqn-120-2']",238416.3788642997,10.0006,10625242.0,1062460.4523728576,567666.4366683095,1.8716280966134675
2,exponential(10s),120,10,1s,1000s,mt-mem-msgptrpassing-spinlock,3,"['../cqn_dbg', '-s', '-n..', '-u', 'Cmdenv', '-f', 'omnetpp.ini', '-f', 'partitioning.ini', '--real-time-limit=10s', '--**.numInitialJobs=2', '--**.serviceTime=exponential(10s)', '--*.numTandems=120', '--**.numQueues=10', '--**.qDelay=1s', '--**.sDelay=1000s', '--parallel-simulation=true', '--parsim-mode=multithreaded', '--parsim-communications-class=cInProcessCommunications', '--parsim-inprocess-comm-send-pointers=true', '--parsim-inprocess-comm-use-spinlock=true', '-f', 'cqn-120-partitioning.ini', '-c', 'Cqn-120-3']",342613.98022214987,10.0017,15276032.0,1527343.5515962287,567666.4366683095,2.690565185710748
2,exponential(10s),120,10,1s,1000s,mt-mem-msgptrpassing-spinlock,4,"['../cqn_dbg', '-s', '-n..', '-u', 'Cmdenv', '-f', 'omnetpp.ini', '-f', 'partitioning.ini', '--real-time-limit=10s', '--**.numInitialJobs=2', '--**.serviceTime=exponential(10s)', '--*.numTandems=120', '--**.numQueues=10', '--**.qDelay=1s', '--**.sDelay=1000s', '--parallel-simulation=true', '--parsim-mode=multithreaded', '--parsim-communications-class=cInProcessCommunications', '--parsim-inprocess-comm-send-pointers=true', '--parsim-inprocess-comm-use-spinlock=true', '-f', 'cqn-120-partitioning.ini', '-c', 'Cqn-120-4']",435783.55290997314,10.0017,19425280.0,1942197.8263695172,567666.4366683095,3.421371602958365
2,exponential(10s),120,10,1s,1000s,mt-mem-msgptrpassing-spinlock,5,"['../cqn_dbg', '-s', '-n..', '-u', 'Cmdenv', '-f', 'omnetpp.ini', '-f', 'partitioning.ini', '--real-time-limit=10s', '--**.numInitialJobs=2', '--**.serviceTime=exponential(10s)', '--*.numTandems=120', '--**.numQueues=10', '--**.qDelay=1s', '--**.sDelay=1000s', '--parallel-simulation=true', '--parsim-mode=multithreaded', '--parsim-communications-class=cInProcessCommunications', '--parsim-inprocess-comm-send-pointers=true', '--parsim-inprocess-comm-use-spinlock=true', '-f', 'cqn-120-partitioning.ini', '-c', 'Cqn-120-5']",546762.2361836847,10.0022,24368117.0,2436275.7193417447,567666.4366683095,4.291738179273885
2,exponential(10s),120,10,1s,1000s,mt-mem-msgptrpassing-spinlock,6,"['../cqn_dbg', '-s', '-n..', '-u', 'Cmdenv', '-f', 'omnetpp.ini', '-f', 'partitioning.ini', '--real-time-limit=10s', '--**.numInitialJobs=2', '--**.serviceTime=exponential(10s)', '--*.numTandems=120', '--**.numQueues=10', '--**.qDelay=1s', '--**.sDelay=1000s', '--parallel-simulation=true', '--parsim-mode=multithreaded', '--parsim-communications-class=cInProcessCommunications', '--parsim-inprocess-comm-send-pointers=true', '--parsim-inprocess-comm-use-spinlock=true', '-f', 'cqn-120-partitioning.ini', '-c', 'Cqn-120-6']",646553.5552399122,10.0019,28800774.0,2879530.289245044,567666.4366683095,5.072574496645058
2,exponential(10s),120,10,1s,1000s,mt-mem-msgptrpassing-spinlock,7,"['../cqn_dbg', '-s', '-n..', '-u', 'Cmdenv', '-f', 'omnetpp.ini', '-f', 'partitioning.ini', '--real-time-limit=10s', '--**.numInitialJobs=2', '--**.serviceTime=exponential(10s)', '--*.numTandems=120', '--**.numQueues=10', '--**.qDelay=1s', '--**.sDelay=1000s', '--parallel-simulation=true', '--parsim-mode=multithreaded', '--parsim-communications-class=cInProcessCommunications', '--parsim-inprocess-comm-send-pointers=true', '--parsim-inprocess-comm-use-spinlock=true', '-f', 'cqn-120-partitioning.ini', '-c', 'Cqn-120-7']",703990.5205330345,10.0011,31356243.0,3135279.419263881,567666.4366683095,5.523101625780708
2,exponential(10s),120,10,1s,1000s,mt-mem-msgptrpassing-spinlock,8,"['../cqn_dbg', '-s', '-n..', '-u', 'Cmdenv', '-f', 'omnetpp.ini', '-f', 'partitioning.ini', '--real-time-limit=10s', '--**.numInitialJobs=2', '--**.serviceTime=exponential(10s)', '--*.numTandems=120', '--**.numQueues=10', '--**.qDelay=1s', '--**.sDelay=1000s', '--parallel-simulation=true', '--parsim-mode=multithreaded', '--parsim-communications-class=cInProcessCommunications', '--parsim-inprocess-comm-send-pointers=true', '--parsim-inprocess-comm-use-spinlock=true', '-f', 'cqn-120-partitioning.ini', '-c', 'Cqn-120-8']",808669.9803639086,10.0012,36024295.0,3601997.2603287604,567666.4366683095,6.3452707922441896
